id,title,price,comment,shopName,url,img,img_list,attriName1,attriListName,attriListImg,attriName2,attriListSize,attriName3,attriListMode,shopRating,extraPrice
39446227244,羽豪 踏步机家用脚踏机小型静音男女通用椭圆登山脚踏机迷你健身器材 【升级加大减震款橙色-扶手款】,,1万+,羽豪运动官方旗舰店,https://item.jd.com/39446227244.html,jfs/t1/224416/28/9720/133050/6593af1dF89d6a54c/a6d70f505ca6a8d7.jpg.avif,"jfs/t1/224416/28/9720/133050/6593af1dF89d6a54c/a6d70f505ca6a8d7.jpg.avif, jfs/t1/88552/16/37568/83769/645b4b00Fd778ebf3/b0ce555403a11279.jpg.avif, jfs/t1/164745/12/38061/186932/645b4b01Fa64211fc/6e1da14ade48ba08.jpg.avif, jfs/t1/59903/9/26808/127326/645b4b00F461dd05c/b8537d3f08f3a1b7.jpg.avif, jfs/t1/202209/23/35146/163177/645b4b00Fab1b9fb8/1cef60b849911031.jpg.avif",选择颜色                                                ,"【升级加大减震款橙色-扶手款】, 升级加大减震橙-扶手款-大礼包, 基础款【橙色】, 基础款【黑色】, 橙色+拉绳+地垫+扭腰盘, 黑色+拉绳+地垫+扭腰盘, 【橙色】+拉绳, 【黑色】+拉绳, 黑色+加厚防滑地垫","jfs/t1/224416/28/9720/133050/6593af1dF89d6a54c/a6d70f505ca6a8d7.jpg.avif, jfs/t1/243526/28/1782/165354/6593add2F01ba10ea/feccb37f19926185.jpg.avif, jfs/t1/206247/9/19111/114636/6367789cE23facfbd/e1b8d90ada5f33b8.jpg.avif, jfs/t1/217827/21/23019/99594/636778a7E2a614bae/7a6ed045c2615138.jpg.avif, jfs/t1/6978/2/27201/132214/6454a68fF2038c71c/87ad67d8efd8245c.jpg.avif, jfs/t1/104835/26/39319/135213/6454a70fFe67ec7d8/cce7c27a281dc1a7.jpg.avif, jfs/t1/181117/36/30861/134133/636775cbEee39eab9/2ff43a75e6d2db64.jpg.avif, jfs/t1/143981/1/29759/111649/636775d4Eff6c9274/ca86b2d58b3a94c6.jpg.avif, jfs/t1/243686/9/2064/98714/65960740F7a6dedd9/2661a2f2b823795c.jpg.avif",,,,,4.5,155.00
10073750282759,迪卡侬（DECATHLON）,,200+,迪卡侬官方旗舰店,https://item.jd.com/10073750282759.html,jfs/t1/247302/40/26972/133130/674dd9a7Fd3402eec/16bc86cfcf135f6d.jpg.avif,"jfs/t1/191819/22/54129/75807/6751092cF31013910/db2ded5e2906f784.jpg.avif, jfs/t1/241646/17/26951/48352/6751092fF6f5f0768/aca6840095516477.jpg.avif, jfs/t1/201743/15/53053/46157/67510931F3faacb19/8dc87cb634196a96.jpg.avif, jfs/t1/199494/40/52349/45301/67510934F1d1ea44a/8b0af8d284fabaca.jpg.avif, jfs/t1/173211/30/51952/72378/67510936F124a0b8b/c52dae0a624392c6.jpg.avif",选择颜色                                                ,"EL520白色木纹免费安装, 白色木纹款 EL540","jfs/t1/191819/22/54129/75807/6751092cF31013910/db2ded5e2906f784.jpg.avif, jfs/t1/193581/28/51115/75421/6751093aF5382548a/573885870b6c3b0e.jpg.avif",,,,,4.8,2659.90
10076827170569,麦瑞克（MERACH）【精巧不占地】,,1000+,麦瑞克官方旗舰店,https://item.jd.com/10076827170569.html,jfs/t1/207580/25/38079/133150/6552d18dFd59d2e19/8625a0b714473bef.jpg.avif,"jfs/t1/244709/32/28037/137884/6752ae83Fdbe1f903/ff263a30073243c6.jpg.avif, jfs/t1/238011/29/23945/60319/66d28f79F22c0bc17/720b5be22c676a3d.jpg.avif, jfs/t1/125271/38/35449/86858/6498fa3aF3627a7f8/607ae7129ec85086.jpg.avif, jfs/t1/27764/29/22360/56125/66daecd7F0cb16c7c/b00aded95caa3d39.jpg.avif, jfs/t1/142275/24/36263/62032/6498fa3aF1e5e85e6/7e9f7d2e90162d36.jpg.avif",选择颜色                                                ,"T100-32挡智能调阻-主体免安装, T100-32挡智能调阻-带座版, T100-16挡手动调阻-主体免安装","jfs/t1/244709/32/28037/137884/6752ae83Fdbe1f903/ff263a30073243c6.jpg.avif, jfs/t1/174359/26/51992/122140/6752ae8cF4720ba2f/57417b4c34c527bf.jpg.avif, jfs/t1/195654/35/54760/128006/6752ae8dFae4a60ac/7c8eb6bd5660d449.jpg.avif",,,,,,1399.00
10026375888061,迪卡侬（DECATHLON）,,5000+,迪卡侬官方旗舰店,https://item.jd.com/10026375888061.html,jfs/t1/210516/12/50386/56576/674dd9a2Fabb36df4/0cba64a285237023.jpg.avif,"jfs/t1/244939/36/28356/121505/67547d2bF8a9db432/eb63e84a6c61b727.jpg.avif, jfs/t1/146334/8/34302/66598/63e318d3Fb3664c6f/22251f7a85bbac4a.jpg.avif, jfs/t1/74951/27/24049/63182/63e318eeF0410e994/fe562093e1032aa2.jpg.avif, jfs/t1/139060/25/33343/48438/63e318feF7cf4d781/7bba1c5e72c58121.jpg.avif, jfs/t1/182424/36/31380/58957/63e31939Ff7d3bd6e/f0b20ca3471e76da.jpg.avif",选择颜色                                                ,"【EL100精致黑】+缓震垫, 法国设计迷你家用健身款","jfs/t1/233314/7/28935/101327/67547d29Fd4b1e79b/decedc3082fda057.jpg.avif, jfs/t1/244939/36/28356/121505/67547d2bF8a9db432/eb63e84a6c61b727.jpg.avif",,,,,4.8,999.90
10076405484303,迪卡侬（DECATHLON）,,78,迪卡侬官方旗舰店,https://item.jd.com/10076405484303.html,jfs/t1/211409/37/50845/133130/674dd9a4F7311b6c2/4cda826e27895fcc.jpg.avif,"jfs/t1/194032/8/55324/75807/67511f55F757d7da5/95a51e6ffaf98954.jpg.avif, jfs/t1/106114/18/48331/48352/67511f57Fe2ee38e4/32c9ff3f4e1800bb.jpg.avif, jfs/t1/198036/29/53249/46177/67511f58F1efa3840/821b28ded16648fe.jpg.avif, jfs/t1/208403/16/51381/45290/67511f5aFd9b72eda/817b62d126514931.jpg.avif, jfs/t1/245142/16/27957/72392/67511f5bFba094145/4e912594aa17461f.jpg.avif",选择颜色                                                ,"EL520白色木纹免费安装, EL520黑色免费安装","jfs/t1/194032/8/55324/75807/67511f55F757d7da5/95a51e6ffaf98954.jpg.avif, jfs/t1/243941/15/26155/48066/67511f5fF06988106/db75d997de2c25e7.jpg.avif",,,,,4.8,2659.90
10071780700143,麦瑞克（MERACH）椭圆踏步机家用小型mini椭圆仪太空漫步机减肥走步脚踏机健身器材 珍珠白-磁控阻力-静音小巧,,2000+,麦瑞克官方旗舰店,https://item.jd.com/10071780700143.html,jfs/t1/132761/17/43297/115766/66371f23F5e8df051/f1b5e5d9ece92c15.jpg.avif,"jfs/t1/245636/31/27455/137582/6752ae80F1089086f/e50072c2bf4954e5.jpg.avif, jfs/t1/191227/19/47860/101872/673f2888F860023c8/a2e1c0d1f562e535.jpg.avif, jfs/t1/178674/15/33913/117627/6421567dF4613151b/6987b04d2ea65c94.jpg.avif, jfs/t1/89472/27/31240/90187/6421567fFc9b52361/7df449c9bb181fd8.jpg.avif, jfs/t1/120543/21/32327/107533/64215680F030a6ee7/e4157061da147200.jpg.avif",选择颜色                                                ,"珍珠白-磁控阻力-静音小巧, 夜鹰黑-磁控阻力-静音小巧","jfs/t1/245636/31/27455/137582/6752ae80F1089086f/e50072c2bf4954e5.jpg.avif, jfs/t1/179830/12/55063/124848/6752ae82F7a927f4e/de118dc2f40b313b.jpg.avif",,,,,,559.00
10103657052690,匹克,,100+,匹克世星专卖店,https://item.jd.com/10103657052690.html,jfs/t1/131770/15/46815/96708/66fd4146F793376de/f37c69efd8544744.jpg.avif,"jfs/t1/131770/15/46815/96708/66fd4146F793376de/f37c69efd8544744.jpg.avif, jfs/t1/213470/6/41922/37106/6642fbebF6dc59775/1d922820c50664da.jpg.avif, jfs/t1/125503/13/43445/132922/6642fc10F331789bc/7c0ba6d049e1484c.jpg.avif, jfs/t1/209589/15/34121/133645/6642fc10F6a1d8215/0de32fdea1be423a.jpg.avif, jfs/t1/180597/15/45296/67858/6642fc0fFe8ec3334/119a650fea8b409d.jpg.avif",选择颜色                                                ,"无座自安装+8档阻力调节, 无座免安装+8档磁控+8kg飞轮, 无座自安装+16档磁控+8kg飞轮, 有座免安装+8档磁控+10kg飞轮, 有座免安装+16档磁控+10kg飞轮, 有座免安装+加粗车架+10kg飞轮","jfs/t1/131770/15/46815/96708/66fd4146F793376de/f37c69efd8544744.jpg.avif, jfs/t1/191585/4/45681/46733/6642fbeaF3bbb11d1/c365c47c1496309b.jpg.avif, jfs/t1/218743/23/40270/63435/6642fbeaF68bd64b5/ab5d878d6186e4f7.jpg.avif, jfs/t1/180292/29/46040/43457/6642fbeaF5bacf0e1/062d8e6f8aa2496d.jpg.avif, jfs/t1/221997/29/40618/56006/6642fbe9Feaa55b85/916a8fad54f74233.jpg.avif, jfs/t1/242515/20/18216/113228/66ebb110Fffc8e5e8/3f6819818eb3ff59.jpg.avif",,,,,4.1,799.00
100104713011,雷龙高清高倍10-30X50无极变倍单筒,,2000+,雷龙（leaysoo）京东自营旗舰店,https://item.jd.com/100104713011.html,jfs/t1/175203/11/51800/199626/673c452aF6beac808/8c4ab78c26b99ca0.jpg.avif,"jfs/t1/195105/5/47699/211401/66f90d90F7d3ef8ef/8d9efff6738abfc6.jpg.avif, jfs/t1/89066/2/48949/224735/66ab2516F91336cc8/a93e6f167964bcfb.jpg.avif, jfs/t1/237036/6/23859/79766/66908159F538b2b40/3d47b1233c51bde7.jpg.avif, jfs/t1/248185/39/14811/158910/66908158F12abe6b1/d838edc168161d46.jpg.avif, jfs/t1/233747/37/21774/128167/66908158F9187864a/f2e8fa78a809ada8.jpg.avif",选择颜色                                                ,"10-30倍变倍+高清大口径50mm口径, 10-30倍变倍+小巧便携30mm口径","//img11.360buyimg.com/n9/s60x80_jfs/t1/195105/5/47699/211401/66f90d90F7d3ef8ef/8d9efff6738abfc6.jpg.avif, //img11.360buyimg.com/n9/s60x80_jfs/t1/179776/13/51665/95602/67541418F0f92bb1a/0e51f36ada6ce5fe.jpg.avif",,,,,5.0,159.00
100069506378,TaTanice儿童,,5万+,TaTanice玩具京东自营旗舰店,https://item.jd.com/100069506378.html,jfs/t1/108753/1/42381/145518/65338b1cF9395dcfc/8af5896fe219ad3a.jpg.avif,"jfs/t1/108753/1/42381/145518/65338b1cF9395dcfc/8af5896fe219ad3a.jpg.avif, jfs/t1/224658/11/6492/78356/65701372F51a3fcf5/ec222e57f919c492.jpg.avif, jfs/t1/224677/40/6805/102977/65701370Fc62831b6/0a2c9e187014b91a.jpg.avif, jfs/t1/247652/7/9687/51463/664fefc7F083b4535/6a0559c20ee92df6.jpg.avif, jfs/t1/231251/5/6468/28052/6570136fF6aa1e9ed/b24b49b420a32501.jpg.avif",选择规格                                                ,"迷彩望远镜【双筒】, 森林望远镜【双筒】, 萌鸭望远镜【双筒|可拆卸】, 萌兔望远镜【双筒可拆卸|口哨】, 手摇发电机【物理科学实验】, 太阳能小车[无需电池|强光就跑], 儿童收音机[真实收台|可调频道]","jfs/t1/187549/28/40736/126446/65338b30Fcdf56d2a/289d0b11e64548fc.jpg.avif, jfs/t1/87899/25/45360/104274/65338b28Fae8fb63a/618bfecb1e761b69.jpg.avif, jfs/t1/108753/1/42381/145518/65338b1cF9395dcfc/8af5896fe219ad3a.jpg.avif, jfs/t1/228979/22/8428/97353/657a710aFab1e0457/0ab90b91fcb74857.jpg.avif, jfs/t1/177550/17/39972/107802/65338fa1F2595a01a/3966be7166971c61.jpg.avif, jfs/t1/216894/11/44867/114015/670a40c4F4857bed3/d846400c89adb0bd.jpg.avif, jfs/t1/183066/4/49011/66433/66f37129F148ff016/2b30417bd484fb2b.jpg.avif",,,,,5.0,23.31
10115056089025,KPAY手机,,500+,京制数码专营店,https://item.jd.com/10115056089025.html,jfs/t1/134957/35/47091/95501/66ea426eF866a2a6d/c0b2a6f869841a1e.jpg.avif,"jfs/t1/134957/35/47091/95501/66ea426eF866a2a6d/c0b2a6f869841a1e.jpg.avif, jfs/t1/224590/34/24559/94596/66d56491F88d054e1/c57f4b7b306b3d3e.jpg.avif, jfs/t1/229154/20/26478/87208/66d56491Ff554caf0/9b4bae2a84494693.jpg.avif, jfs/t1/173082/7/47176/89723/66d56490F14ad4056/26fb802d096c38f9.jpg.avif, jfs/t1/82693/2/27609/89023/66d56490Fa699eeb0/91b1fe949a68915f.jpg.avif",选择颜色                                                ,"【超清顶配支架套装】超清64X彩盒包装, 【豪华手机夹套装】高清28X彩盒包装, 【超高性价比手机夹】标清18X彩盒包装","jfs/t1/134957/35/47091/95501/66ea426eF866a2a6d/c0b2a6f869841a1e.jpg.avif, jfs/t1/232370/5/27612/55731/6700f88dFdc835483/a5882528c38d6147.jpg.avif, jfs/t1/197497/16/45716/55678/6700f88dF4854a46d/e0bede343c679433.jpg.avif",,,,,4.8,79.90
10090117405139,向橙博古架茶具架玄关展示柜实木多宝阁新中式屏风隔断客厅茶 胡桃色 大团圆一组(南榆木)（预约金）,,28,向橙家具旗舰店,https://item.jd.com/10090117405139.html,jfs/t1/186031/31/40665/130408/65448edaF1cd12da7/3040061296c00a67.jpg.avif,"jfs/t1/186031/31/40665/130408/65448edaF1cd12da7/3040061296c00a67.jpg.avif, jfs/t1/109277/3/47898/130009/65448ed1F1fd5e92b/5aac576138fbbef1.jpg.avif, jfs/t1/187418/24/42004/121765/65448ed3Fcf9036d8/7cf6f8399b54cd7c.jpg.avif, jfs/t1/221246/12/30747/109711/65448ed4F88d99784/37bf1e435dff88a2.jpg.avif, jfs/t1/186431/34/41466/116643/65448ed6Fe896ab90/6f8c3d64d6473217.jpg.avif",选择颜色                                                ,"胡桃色, 花梨色, 黑檀色","jfs/t1/186031/31/40665/130408/65448edaF1cd12da7/3040061296c00a67.jpg.avif, jfs/t1/185465/28/41816/137061/65448edcFdd8c0c4d/1039e9075b446048.jpg.avif, jfs/t1/221246/12/30747/109711/65448ed4F88d99784/37bf1e435dff88a2.jpg.avif",选择尺码                                                ,"大团圆一组(南榆木)（预约金）, 大团圆一组(南榆木), 大团圆一组(菠萝格), 大团圆博古架一组+花架一对(南, 大团圆博古架一组+花架一对+菠, 梅花博古架一组, 吉祥如意博古架一组(橡木), 清云流水博古架一组(橡木), 两门一斗博古架一组, 中抽博古架一组, 两门两斗博古架一组, 两门一斗博古架三组合, 梅花博古架三组合, 中抽博古架三组合, 中式博古架单个",,,3.5,1.18
10094011095017,木樽现代简约茶几沙发边几可移动边柜网红迷你床头桌边桌置物架小圆桌 双层 白理石纹+黑架,,2000+,木樽家具旗舰店,https://item.jd.com/10094011095017.html,jfs/t1/226670/33/18219/145344/66568a74F5d90971d/a07bba2f5c0dee98.jpg.avif,"jfs/t1/226670/33/18219/145344/66568a74F5d90971d/a07bba2f5c0dee98.jpg.avif, jfs/t1/233960/36/8641/102185/6581096cFfcaa4fb2/895bc5182e9db31e.jpg.avif, jfs/t1/231368/31/8804/156214/6581096dFf3257fce/def1a6d399a38a91.jpg.avif, jfs/t1/233850/28/9238/88658/6581096dFe3f7d93e/75d8382aec95d966.jpg.avif, jfs/t1/48468/16/32226/124107/6581096dFc214492f/bdb7b55aa78aefd4.jpg.avif",选择颜色                                                ,"双层 胡桃色纹+黑架, 双层 白理石纹+黑架, 双层 黑理石纹+黑架, 单层 胡桃色纹+黑架, 单层 纯白色面+黑架, 单层 纯黑色面+黑架, 水滴款 胡桃色纹+黑架, 水滴款 白理石纹+黑架, 水滴款 黑理石纹+黑架","jfs/t1/185505/8/45953/155953/66568a6dF87b931db/a42c066960d46f97.jpg.avif, jfs/t1/226670/33/18219/145344/66568a74F5d90971d/a07bba2f5c0dee98.jpg.avif, jfs/t1/243188/1/8436/150211/66568a7fFa92fd70a/4e952fa74205c8e2.jpg.avif, jfs/t1/232399/23/8540/208903/65810d19Ff36d06a8/a1744c5a14129926.jpg.avif, jfs/t1/229750/32/7262/170490/65810d1aFc932c267/a2829931c5d5ef05.jpg.avif, jfs/t1/220144/31/34297/191754/65810d19F47bbf202/dda74dce8e6dee3e.jpg.avif, jfs/t1/223711/24/39981/64517/65810d17F55319446/677716ebac5afc82.jpg.avif, jfs/t1/27236/23/20459/60458/65810d1aF28b7108f/a10a78b82939b7be.jpg.avif, jfs/t1/231896/10/9083/63586/65810d16F2cbbe4a1/7992b9bc72cbc5c1.jpg.avif",,,,,4.7,55.00
10114020627613,古雨风书桌转角一体电脑桌置物柜卧室学生大桌面桌子2024新款 奶油白色140*98*170【书柜在右】,,76,古雨风家具官方旗舰店,https://item.jd.com/10114020627613.html,jfs/t1/66312/10/26304/167106/66c9a7ccF0efade58/e7cacf8c265bb6fa.jpg.avif,"jfs/t1/66312/10/26304/167106/66c9a7ccF0efade58/e7cacf8c265bb6fa.jpg.avif, jfs/t1/227403/20/26692/221805/66c9a7d4F99be3b54/87709e18c0833ff7.jpg.avif, jfs/t1/79250/24/26951/153288/66c9a5acF8990e1ce/78adb63c823c51eb.jpg.avif, jfs/t1/108042/24/48633/167941/66c9a5abF554f230e/5abab395180fcb31.jpg.avif, jfs/t1/4485/8/24982/156303/66c9a5a9Fd6ecec87/a6ed206485d81437.jpg.avif",选择颜色                                                ,"奶油白色120*65*170【书柜在左】, 奶油白色140*98*170【书柜在左】, 奶油白色160*98*170【书柜在左】, 奶油白色180*98*170【书柜在左】, 奶油白色140*98*170【书柜在右】, 奶油白色160*98*170【书柜在右】, 奶油白色180*98*170【书柜在右】","jfs/t1/229790/40/24388/147537/66c9a76eFd9ccd643/95a034e4f68891fc.jpg.avif, jfs/t1/225242/18/25462/167066/66c9a77cFb8137187/8bc6addc1c3d0d3a.jpg.avif, jfs/t1/31891/36/23191/163067/66c9a79aFf24e826f/24db91b2fce8b930.jpg.avif, jfs/t1/225676/17/23843/167761/66c9a7a6F5c0ab94f/eb8f6ffb3b6937d6.jpg.avif, jfs/t1/66312/10/26304/167106/66c9a7ccF0efade58/e7cacf8c265bb6fa.jpg.avif, jfs/t1/110165/14/47074/164258/66c9a7e7Fbd38814d/8546182cf2c4967d.jpg.avif, jfs/t1/245606/13/17333/167973/66c9a7f2F81f882c0/212b2520d6e59221.jpg.avif",,,,,4.7,397.92
10109363490073,芸昉吊篮藤椅家用摇篮椅室内阳台吊椅庭院鸟巢掉吊兰双人秋千懒人吊床 单人咖色+八件套,,1000+,哲鸣家具专营店,https://item.jd.com/10109363490073.html,jfs/t1/224509/27/17820/124476/66b1ca5cF569033de/0373560d3409f8c8.jpg.avif,"jfs/t1/224509/27/17820/124476/66b1ca5cF569033de/0373560d3409f8c8.jpg.avif, jfs/t1/35867/25/21351/117025/6690c3e8F052e8e5b/1046fbec5c0c4ee9.jpg.avif, jfs/t1/46390/16/25712/74875/66b1cab0F2c2d555a/b4a88d018683c2e6.jpg.avif, jfs/t1/2660/39/22410/46716/66b1cab1F84143c86/d66b98fa84add26a.jpg.avif, jfs/t1/51737/21/25907/43177/66b1cab2F4c196313/f1ca144256759f7b.jpg.avif",选择颜色                                                ,"单人咖色+八件套, 单人白色+八件套, 单人粉色+八件套, 单人咖色+茶几+八件套, 单人白色+茶几+八件套, 单人粉色+茶几+八件套, 单人咖色+茶几+雷达椅+八件套, 单人白色+茶几+雷达椅+八件套, 单人粉色+茶几+雷达椅+八件套, 双人咖色+八件套, 双人白色+八件套, 双人粉色+八件套, 双人咖色+茶几+八件套, 双人白色+茶几+八件套, 双人粉色+茶几+八件套, 双人咖色+茶几+雷达椅+八件套, 双人白色+茶几+雷达椅+八件套, 双人粉色+茶几+雷达椅+八件套, 单人咖色篮筐, 地毯（单拍不发）升级款, 坐垫（单拍不发）升级款, 安装工具（单拍不发）升级款, 消音器（单拍不发）升级款","jfs/t1/224509/27/17820/124476/66b1ca5cF569033de/0373560d3409f8c8.jpg.avif, jfs/t1/233173/26/22100/102615/6690c3fcFd530afc2/ccd81c2bdcfbff96.jpg.avif, jfs/t1/3568/13/23756/106693/6690c3fcF9394b1cf/5ba743b552edbe35.jpg.avif, jfs/t1/19586/17/20783/112963/6690c3fdFd9139949/c45865f7a9015e70.jpg.avif, jfs/t1/236223/14/22048/114803/6690c3fdFe1a66db6/6936226970c2c4ac.jpg.avif, jfs/t1/8396/33/23445/117834/6690c3feF167b8567/0f1dec75c12fae90.jpg.avif, jfs/t1/248909/1/15071/141956/6690c3feF9c283536/f9b66612f8906e6f.jpg.avif, jfs/t1/237711/10/23748/154829/6690c3ffFf2380af9/997c8c64873c249e.jpg.avif, jfs/t1/231595/17/23857/145186/6690c3ffF29a4488a/0c896b80b1dcc94a.jpg.avif, jfs/t1/78627/39/27087/118087/66b1cb8bF369f2ade/87c7b09c5646b54e.jpg.avif, jfs/t1/236621/28/22970/98430/6690c400Ff2a1567f/5b1ef089dda79caa.jpg.avif, jfs/t1/15710/29/21207/101440/6690c400F8ae683fe/2f62c74361ac241e.jpg.avif, jfs/t1/31180/38/20708/106969/6690c401Fbfaaec22/a1378c87107622e6.jpg.avif, jfs/t1/184049/2/47342/119078/6690c402F9c4f13e1/f36993b69282369f.jpg.avif, jfs/t1/151329/5/37692/115599/6690c402F79a6284e/febc4119bf44b6a3.jpg.avif, jfs/t1/31845/26/21294/145496/6690c402F78e29947/9d9d071e0cd6f8c3.jpg.avif, jfs/t1/232651/7/22126/161901/6690c403Fbdc1b272/e97f24ae5a8e31cb.jpg.avif, jfs/t1/9658/24/24907/148121/6690c403Fa782508e/67a476d8bce18feb.jpg.avif, jfs/t1/26334/19/21130/29770/6690c403F2cc9f422/3fae1b8c9f3cfc1e.jpg.avif, jfs/t1/249667/4/16465/90644/66b2f2a2F593f4f06/8af8624e30bbe032.jpg.avif, jfs/t1/249667/4/16465/90644/66b2f2a2F593f4f06/8af8624e30bbe032.jpg.avif, jfs/t1/249667/4/16465/90644/66b2f2a2F593f4f06/8af8624e30bbe032.jpg.avif, jfs/t1/249667/4/16465/90644/66b2f2a2F593f4f06/8af8624e30bbe032.jpg.avif",,,,,4.5,556.58
10058971812291,辰娅 沙发 胡桃木全实木沙发组合现代中式客厅冬夏两用贵妃储物木,,5000+,辰娅家具官方旗舰店,https://item.jd.com/10058971812291.html,jfs/t1/225567/7/11069/144194/6728420bF5dc0dc16/401c58b26672c2e3.png.avif,"jfs/t1/225567/7/11069/144194/6728420bF5dc0dc16/401c58b26672c2e3.png.avif, jfs/t1/187320/3/30133/105995/6364c6d4E7fa5bea4/955a95ca9d56b243.jpg.avif, jfs/t1/70580/36/22158/147326/630478ecEcbf013bb/e7fc5a1931d3d645.jpg.avif, jfs/t1/164330/15/29701/173632/630478ecEa2a9de22/4b6443fc80dba0b8.jpg.avif, jfs/t1/144127/37/29159/170103/630478ecE0dc71a30/442c3cb82448dcae.jpg.avif",选择颜色                                                ,"三人位+贵妃榻, 三人位+贵妃榻+茶几, 三人位+贵妃榻+茶水柜, 三人位+贵妃榻+茶几+茶水柜, 四人位+贵妃榻, 四人位+贵妃榻+茶几, 四人位+贵妃榻+茶水柜, 四人位+贵妃榻+茶几+茶水柜, 五人位+贵妃榻, 五人位+贵妃榻+茶几, 五人位+贵妃榻+茶水柜, 五人位+贵妃榻+茶几+茶水柜, 1+1+3, 1+1+3+茶几, 1+1+3+茶几+方几, 1+2+3, 1+2+3+茶几, 1+2+3+茶几+方几, 单人位, 双人位, 三人位, 四人位, 电视柜","jfs/t1/225567/7/11069/144194/6728420bF5dc0dc16/401c58b26672c2e3.png.avif, jfs/t1/225567/7/11069/144194/6728420bF5dc0dc16/401c58b26672c2e3.png.avif, jfs/t1/225567/7/11069/144194/6728420bF5dc0dc16/401c58b26672c2e3.png.avif, jfs/t1/225567/7/11069/144194/6728420bF5dc0dc16/401c58b26672c2e3.png.avif, jfs/t1/225567/7/11069/144194/6728420bF5dc0dc16/401c58b26672c2e3.png.avif, jfs/t1/225567/7/11069/144194/6728420bF5dc0dc16/401c58b26672c2e3.png.avif, jfs/t1/225567/7/11069/144194/6728420bF5dc0dc16/401c58b26672c2e3.png.avif, jfs/t1/225567/7/11069/144194/6728420bF5dc0dc16/401c58b26672c2e3.png.avif, jfs/t1/225567/7/11069/144194/6728420bF5dc0dc16/401c58b26672c2e3.png.avif, jfs/t1/225567/7/11069/144194/6728420bF5dc0dc16/401c58b26672c2e3.png.avif, jfs/t1/225567/7/11069/144194/6728420bF5dc0dc16/401c58b26672c2e3.png.avif, jfs/t1/225567/7/11069/144194/6728420bF5dc0dc16/401c58b26672c2e3.png.avif, jfs/t1/225567/7/11069/144194/6728420bF5dc0dc16/401c58b26672c2e3.png.avif, jfs/t1/225567/7/11069/144194/6728420bF5dc0dc16/401c58b26672c2e3.png.avif, jfs/t1/225567/7/11069/144194/6728420bF5dc0dc16/401c58b26672c2e3.png.avif, jfs/t1/225567/7/11069/144194/6728420bF5dc0dc16/401c58b26672c2e3.png.avif, jfs/t1/225567/7/11069/144194/6728420bF5dc0dc16/401c58b26672c2e3.png.avif, jfs/t1/225567/7/11069/144194/6728420bF5dc0dc16/401c58b26672c2e3.png.avif, jfs/t1/225567/7/11069/144194/6728420bF5dc0dc16/401c58b26672c2e3.png.avif, jfs/t1/225567/7/11069/144194/6728420bF5dc0dc16/401c58b26672c2e3.png.avif, jfs/t1/225567/7/11069/144194/6728420bF5dc0dc16/401c58b26672c2e3.png.avif, jfs/t1/225567/7/11069/144194/6728420bF5dc0dc16/401c58b26672c2e3.png.avif, jfs/t1/225567/7/11069/144194/6728420bF5dc0dc16/401c58b26672c2e3.png.avif",,,,,,2480.00
10090162913630,每人每梦免洗纳米科技布沙发简约现代客厅小户型乳胶北欧布每人每梦 （预约金）1#号色纳米科技布[海绵款] 双位+单位+贵妃[] 3.4m,,49,每人每梦家具旗舰店,https://item.jd.com/10090162913630.html,jfs/t1/236375/23/1649/100411/6544e713Fbe722d44/2cd1c4989e3e0ec2.jpg.avif,"jfs/t1/236375/23/1649/100411/6544e713Fbe722d44/2cd1c4989e3e0ec2.jpg.avif, jfs/t1/177316/25/42630/97574/6544e707Fd77942cd/af865745b5c49d46.jpg.avif, jfs/t1/182012/18/41595/90238/6544e708F936f2aba/c63ac5402d3f0c7e.jpg.avif, jfs/t1/236925/38/1634/95999/6544e70aFa5810d9e/2d8207fa9a976fa5.jpg.avif, jfs/t1/94769/24/38711/82531/6544e70bFf10a7440/019f016e75ea5ce8.jpg.avif",选择颜色                                                ,"1#号色纳米科技布[海绵款], 2#号色纳米科技布[海绵款], 3#号色纳米科技布[海绵款], 4#号色纳米科技布[海绵款], 5#号色纳米科技布[海绵款], 6#号色纳米科技布[海绵款], 7#号色纳米科技布[海绵款], 8#号色纳米科技布[海绵款], 1#号色纳米科技布[乳胶款], 2#号色纳米科技布[乳胶款], 4#号色纳米科技布[乳胶款], 3#号色纳米科技布[乳胶款], 5#号色纳米科技布[乳胶款], 6#号色纳米科技布[乳胶款], 7#号色纳米科技布[乳胶款], 8#号色纳米科技布[乳胶款], （预约金）1#号色纳米科技布[海绵款]","jfs/t1/177316/25/42630/97574/6544e707Fd77942cd/af865745b5c49d46.jpg.avif, jfs/t1/226214/32/1961/95651/6544e714F07f5b0af/4fe08745fccd8ddd.jpg.avif, jfs/t1/232938/9/1655/98430/6544e716Fc4804f28/fa5487d785895f6c.jpg.avif, jfs/t1/91439/31/33744/96491/6544e717Fafd1a1c6/2504215eb21d81a8.jpg.avif, jfs/t1/237997/6/1451/100529/6544e718Fd016e242/6f5b8d89c6e0e026.jpg.avif, jfs/t1/177812/3/37958/98983/6544e71bFf13d9f86/6849a83b7f81e28f.jpg.avif, jfs/t1/224094/22/2115/96951/6544e71cF0a60e536/557c3d99a4550a1b.jpg.avif, jfs/t1/85696/15/44649/98482/6544e71eF5ccf287e/1cdbb4fc652e1262.jpg.avif, jfs/t1/224338/12/1818/97967/6544e71fFf33020e6/0b1c17b266ff53c4.jpg.avif, jfs/t1/235168/35/1751/94531/6544e720Fd09b1575/e6f9b36bf34de881.jpg.avif, jfs/t1/190150/17/41538/97749/6544e721F963d28a6/4b76178bc6e22c00.jpg.avif, jfs/t1/230313/11/1698/98226/6544e723Fe16fa265/d25be88a45ddb062.jpg.avif, jfs/t1/227887/16/1935/99090/6544e724Fa21ffe99/6ad32c07503a6f99.jpg.avif, jfs/t1/194694/1/41374/98497/6544e725Ffeca544a/969ac8b69728bd3a.jpg.avif, jfs/t1/234882/37/1730/96734/6544e726F50e4d29d/4d715866970ea66b.jpg.avif, jfs/t1/233262/17/1714/96108/6544e728F4defb6be/58add9856f7b9e7d.jpg.avif, jfs/t1/236375/23/1649/100411/6544e713Fbe722d44/2cd1c4989e3e0ec2.jpg.avif",选择尺码                                                ,"双位+单位+贵妃[] 3.4m, 双位+贵妃[] 2.7m, 双位+贵妃[]+脚踏 2.7m, 双位+单位+贵妃[]+脚踏 3.4m, 双位+单位+贵妃[] 3.8m, 双位+单位+贵妃[]+脚踏 3.8m, 四人位 3.4m +脚踏[], 三人位 2.2m +脚踏[], 双扶手单人位[] 1.3m, 双位+贵妃[]+茶几 2.7m, 双位+贵妃[]+茶几电视柜 2.7m, 双位+单位+贵妃[]+茶几 3.4m, 双+单+贵妃[]+茶几电视 3.4m, 双位+单位+贵妃[]+茶几 3.8m, 双+单+贵妃[]+茶几电视 3.8m, 五件套[+脚踏+扶手单人位 3.4m",,,3.5,0.88
10079169489540,京晴家居（TSING FURNITURE）窄床头柜小型尺寸柜子迷你简约现代置物储物卧室简易夹缝床边柜 暖白单抽20CM 晒图有礼,,5000+,京晴家居旗舰店,https://item.jd.com/10079169489540.html,jfs/t1/179743/16/50161/164353/672da556Fa2b25a63/c3c81d9e6ec577b6.jpg.avif,"jfs/t1/179743/16/50161/164353/672da556Fa2b25a63/c3c81d9e6ec577b6.jpg.avif, jfs/t1/148420/8/47489/44973/672da5ffFc3d16f23/f38e8c76af46b3b2.jpg.avif, jfs/t1/149976/28/42740/51832/672da665F4791082d/2fa07c55697b1a81.jpg.avif, jfs/t1/203375/35/38057/88665/6499c2ebF1a1b426e/ee0861985d5dc4f7.jpg.avif, jfs/t1/107478/11/32981/93529/6499c2ecF6a52ca44/30fa3a5968b4f539.jpg.avif",选择颜色                                                ,"暖白单抽20CM, 暖白单抽25CM, 暖白单抽30CM, 暖白单抽40CM, 暖白双抽20CM, 暖白双抽25CM, 暖白双抽30CM, 暖白双抽40CM, 暖白三抽30CM, 北欧枫木+白面单抽20CM, 北欧枫木+白面单抽25CM, 北欧枫木+白面单抽30CM, 北欧枫木+白面双抽30CM, 带锁灰色+白面单抽32cm, 带锁灰色+白面双抽32cm, 带锁灰色+白面三抽32cm, 带锁枫木色单抽32cm, 带锁枫木色双抽32cm, 带锁枫木色三抽32cm, 带锁暖白色单抽32cm, 带锁暖白色双抽32cm, 带锁暖白色三抽32cm, 生态板暖白色单抽20cm, 生态板暖白色单抽25cm, 生态板暖白色单抽30cm, 生态板暖白色双抽20cm, 生态板暖白色双抽25cm, 生态板暖白色双抽30cm, 生态板暖白色双抽35cm, 生态板暖白色三抽25cm, 生态板暖白色三抽30cm, 生态板北欧枫木色单抽20cm, 生态板北欧枫木色单抽25cm, 生态板北欧枫木色单抽30cm, 生态板北欧枫木色双抽20cm, 生态板北欧枫木色双抽25cm, 生态板北欧枫木色双抽30cm, 生态板北欧枫木色双抽35cm, 生态板北欧枫木色三抽25cm, 生态板北欧枫木色三抽30cm","jfs/t1/179743/16/50161/164353/672da556Fa2b25a63/c3c81d9e6ec577b6.jpg.avif, jfs/t1/245917/19/23611/156757/672da556Fdf8684b9/db4e564923d6de0b.jpg.avif, jfs/t1/200185/38/47752/159884/672da555F5221e9af/e9edfc0b6da042c1.jpg.avif, jfs/t1/188205/22/51114/141106/672da555F824c6c56/811061980483235e.jpg.avif, jfs/t1/106201/33/55789/165686/672da554F89cde569/1c4851cdd725775a.jpg.avif, jfs/t1/242663/26/22502/154553/672da553Fcf97a7e0/5e0070d50dc2cf7b.jpg.avif, jfs/t1/165017/33/51302/147284/672da552F74912214/2758752155347a9f.jpg.avif, jfs/t1/126170/1/52220/131670/672da552F49220176/726b275663b89991.jpg.avif, jfs/t1/134272/26/51362/154756/672da554F54b0d2d0/a145e2e057bef2e0.jpg.avif, jfs/t1/107976/12/53912/187178/672da558F759880aa/3f77c1a1b6d718d4.jpg.avif, jfs/t1/219587/40/47221/181826/672da558F8154f2ad/1e2dc99624c60294.jpg.avif, jfs/t1/159450/9/51823/185231/672da557F901491f2/1e52995b0afc1203.jpg.avif, jfs/t1/195059/12/50660/170032/672da557F9af3b30a/51654308c9e967a8.jpg.avif, jfs/t1/240366/9/2277/135289/65962a9fFe72b11d1/2b6e4f6b6d4556b6.jpg.avif, jfs/t1/177793/3/35461/125730/65cdb884F9b0c3f77/67f7e329d27a4dd3.jpg.avif, jfs/t1/231946/36/11649/97408/65962a9eFfa16d848/7102394d07f80aa2.jpg.avif, jfs/t1/238338/24/9395/144758/65962a9fF38566282/ab76aa7cb7e12d93.jpg.avif, jfs/t1/228522/32/11282/132644/65962a9dF6cab8047/b432b4e8eb1f6298.jpg.avif, jfs/t1/240019/6/2319/133102/65962a9eF5e48a269/485d0f9d34f722ab.jpg.avif, jfs/t1/231787/25/11364/105013/65962a9eFdec8c8b2/6b3ff1d197ffbea6.jpg.avif, jfs/t1/226580/36/11126/112371/65962a9cFd60148f6/27c092612c3697f5.jpg.avif, jfs/t1/235929/25/10437/107611/65962a9dFfad1e7a7/6213f0489cea9e4b.jpg.avif, jfs/t1/184968/16/51855/111632/67376facF43237196/c85d7468d1d5d07a.jpg.avif, jfs/t1/134317/25/51764/110831/67376facFca270947/4953f140f4ed6316.jpg.avif, jfs/t1/166865/1/52141/108019/67376fabFe2207fd9/c075d7d3b3c481bd.jpg.avif, jfs/t1/174683/17/49453/111103/67376faaF719cf59f/abe28e5c8515c88e.jpg.avif, jfs/t1/244001/31/23142/106574/67376fa9F3bbd8d33/5cff225734b8f5b7.jpg.avif, jfs/t1/176260/22/48635/103341/67376fa9F909202c7/da221b767c8909d3.jpg.avif, jfs/t1/100929/37/53018/99950/67376fa8Fa03930b6/29cf6b9f1a69bf34.jpg.avif, jfs/t1/242939/33/24321/103441/67376fabF8f1ddcb7/6bc0c4c0ba813be9.jpg.avif, jfs/t1/244936/13/24729/99826/67376faaFda27a76f/9577ba1a61daa3e7.jpg.avif, jfs/t1/190204/13/52450/122087/67376fb0Ff7f604c4/46fc40edfdb3d858.jpg.avif, jfs/t1/221151/5/48291/121981/67376fb0F41911b09/2ceff239ce3b6db2.jpg.avif, jfs/t1/241331/17/23860/118612/67376fafF589f4af5/92b9b90391412f66.jpg.avif, jfs/t1/180293/26/52906/120583/67376faeF0044f87c/e1a4ab3d6e3265e9.jpg.avif, jfs/t1/163860/21/49347/116372/67376faeF60c1439d/9cea881cb35cdb09.jpg.avif, jfs/t1/156368/13/51518/113650/67376fadFc1e88330/f6640d510be71c3e.jpg.avif, jfs/t1/200397/21/47638/112104/67376fadFe6600205/626a180bc6f2d46c.jpg.avif, jfs/t1/175740/3/48334/116372/67376fafF16482f1b/d064d8cce7c1e14e.jpg.avif, jfs/t1/176380/8/50317/110398/67376faeFf408957f/387c702c86357e88.jpg.avif",,,,,,37.36
10098659379268,手机屏幕清洁神器笔记本平板电脑屏幕清洁套装去污喷擦一体手机清洁神器 黑色【一个清洁器+2瓶,,1万+,京喜自营官方店,https://item.jd.com/10098659379268.html,jfs/t1/148005/33/48272/120353/674eb991F0a2959d7/f5384c6c257a0748.jpg.avif,"jfs/t1/175610/19/50920/120306/6751925fF39fee3a1/3917caf7a179c35f.jpg.avif, jfs/t1/103370/9/40884/56823/65f59dcdFa2221049/854cdb1b16d299db.jpg.avif, jfs/t1/235667/40/14777/134485/65f59dccFc2512f91/c41bd06c4ada7229.jpg.avif, jfs/t1/229549/10/13645/184491/65f59dcaF038cda77/050d60783c70f30a.jpg.avif, jfs/t1/241287/5/6030/109158/65f59dc7Faff51813/f68bd6b51e66642a.jpg.avif",选择颜色                                                ,"黑色【一个清洁器】, 黑色【一个清洁器+1瓶清洁剂】, 黑色【一个清洁器+2瓶清洁剂】, 粉色【一个清洁器】, 粉色【一个清洁器+1瓶清洁剂】, 粉色【一个清洁器+2瓶清洁剂】","jfs/t1/243203/32/27514/114071/67519259F0b40448d/030dff8ce83664b9.jpg.avif, jfs/t1/198254/27/53747/117341/6751925eF71263b33/31f12e1a7bc1ee3e.jpg.avif, jfs/t1/175610/19/50920/120306/6751925fF39fee3a1/3917caf7a179c35f.jpg.avif, jfs/t1/191785/16/54635/114834/6751925bF4f8272f0/7f99c68f2462b767.jpg.avif, jfs/t1/208481/19/48549/117903/6751925cFcc235bbd/5823fdcbe6f7c444.jpg.avif, jfs/t1/248891/32/27228/121948/6751925aF696414fe/e7c8fb92a2e0641f.jpg.avif",,,,,5.0,5.98
100023853896,妙管家苏打餐桌台面喷雾400g 清洁抑菌免过水,,10万+,妙管家京东自营官方旗舰店,https://item.jd.com/100023853896.html,jfs/t1/185253/33/44757/121528/674d08f0Fc981af5d/d200d4cf481b532e.jpg.avif,"jfs/t1/185253/33/44757/121528/674d08f0Fc981af5d/d200d4cf481b532e.jpg.avif, jfs/t1/179769/19/12999/77886/60e580f6E5976e6fa/117bf0f7d4a65e17.jpg.avif, jfs/t1/177657/30/13147/269705/60e580f6E435df0ad/92e492547c668803.jpg.avif, jfs/t1/6123/4/16588/128791/60e580f6E4dde9f18/4e8b0ea907a4bf8c.jpg.avif, jfs/t1/195831/33/12048/84153/60e580f6Efa3dac06/32022e959e2fdce1.jpg.avif",选择规格                                                ,"重油污清洁剂（厨房重油), 重油污清洁剂（新品), 餐桌台面喷雾(便捷免过水)","jfs/t1/228153/19/29047/166110/674d088bFf37a610c/5ac172f3747bc035.jpg.avif, jfs/t1/198086/5/51001/165070/674d08cfF892f49a2/f7b9e484c2dab559.jpg.avif, jfs/t1/185253/33/44757/121528/674d08f0Fc981af5d/d200d4cf481b532e.jpg.avif",,,,,5.0,14.90
237569,威猛先生（Mr Muscle）浴室,,100万+,威猛先生家庭清洁京东自营旗舰店,https://item.jd.com/237569.html,jfs/t1/222/28/20791/207843/668e0042Fe0f8092b/40b2e7e397d5a737.jpg.avif,"jfs/t1/222/28/20791/207843/668e0042Fe0f8092b/40b2e7e397d5a737.jpg.avif, jfs/t1/168339/32/36077/81371/649d4105F12899a6b/1f807f4b7bcf4e56.jpg.avif, jfs/t1/134556/28/36527/121280/649d4115F7c4b640b/2ee041d15f0ffc40.jpg.avif, jfs/t1/163432/35/38498/133104/649d4133Fec6bf60b/b1652682a6ea351c.jpg.avif, jfs/t1/85539/21/38430/99448/649d40edF036ca64e/e9b365c7270fdcfd.jpg.avif",选择规格                                                ,"浴室清洁剂500g+500g, 浴室清洁剂500g, 浴室清洁500g (铃兰玫瑰), 浴室清洁500g*2 (铃兰玫瑰)","jfs/t1/249116/11/14415/226445/668dffd2F525b7361/4e2df0b78663f8ad.jpg.avif, jfs/t1/222/28/20791/207843/668e0042Fe0f8092b/40b2e7e397d5a737.jpg.avif, jfs/t1/230864/34/23410/167060/668e006cF686c0da8/c957bcaa41426a33.jpg.avif, jfs/t1/242297/28/13910/180092/668e0006F85e7a735/5012fade03717d32.jpg.avif",,,,,5.0,16.90
